요일,순위,제목
mon,1,인생존망
mon,2,뷰티풀 군바리
mon,3,윈드브레이커
mon,4,바이러스X
mon,5,소녀의 세계
mon,6,백수세끼
mon,7,장씨세가 호위무사
mon,8,파이게임
mon,9,참교육
mon,10,앵무살수
mon,11,유일무이 로맨스
mon,12,칼가는 소녀
mon,13,오늘의 순정망화
mon,14,히어로메이커
mon,15,요리GO
mon,16,싸이코 리벤지
mon,17,왕따협상
mon,18,결혼생활 그림일기
mon,19,아는 여자애
mon,20,사장님을 잠금해제
mon,21,리턴 투 플레이어
mon,22,보살님이 캐리해!
mon,23,삶이 우리를 속일지라도
mon,24,이것도 친구라고
mon,25,침범
mon,26,꿈의 기업
mon,27,일진이 사나워
mon,28,서브 콤플렉스
mon,29,이중첩자
mon,30,평범한 8반
mon,31,와이키키 뱀파이어
mon,32,정보전사 202
mon,33,도플갱어의 게임
mon,34,피플
mon,35,두근두근 네가 좋아서
mon,36,헬로맨스
mon,37,안녕 나의 모모로
mon,38,지구멸망버튼
mon,39,하슬라
mon,40,원하는 건 너 하나
mon,41,여기 악마가 있어
mon,42,뱀파이어의 꽃
mon,43,인간의 온도
mon,44,부산스런 웹툰
mon,45,드로잉 레시피
mon,46,모락모락 왕세자님
mon,47,백호랑
mon,48,블루투스
mon,49,결백한 사람은 없다
mon,50,중독연구소
요일,순위,제목
tue,1,여신강림
tue,2,관계의 종말
tue,3,한림체육관
tue,4,바른연애 길잡이
tue,5,랜덤채팅의 그녀!
tue,6,후기
tue,7,하루만 네가 되고 싶어
tue,8,사신소년
tue,9,헬58
tue,10,신도림
tue,11,호랑이 들어와요
tue,12,중증외상센터 : 골든 아워
tue,13,삼국지톡
tue,14,성인초딩
tue,15,원주민 공포만화
tue,16,아이레
tue,17,악마와 계약연애
tue,18,달콤살벌한 부부
tue,19,오늘의 순정망화
tue,20,집이 없어
tue,21,땅 보고 걷는 아이
tue,22,윌유메리미
tue,23,체크포인트
tue,24,견우와 선녀
tue,25,빅맨
tue,26,오피스 누나 이야기
tue,27,용왕님의 셰프가 되었습니다
tue,28,신의 언어
tue,29,사이드킥 2~3
tue,30,정년이
tue,31,"플레이, 플리"
tue,32,올가미
tue,33,별종
tue,34,은주의 방 2~3부
tue,35,연우의 순정
tue,36,그놈은 흑염룡
tue,37,한강예찬
tue,38,오파츠
tue,39,완벽한 가족
tue,40,숲속의 담
tue,41,자판귀
tue,42,제로게임
tue,43,그날 죽은 나는
tue,44,조선홍보대행사 조대박
tue,45,도를 아십니까
tue,46,언메이크
tue,47,너에게만 보이는
tue,48,안식의 밤
tue,49,필살VS로맨스
tue,50,아이고 아이고
tue,51,저세상 클라스!
tue,52,장단에 맞춰줘!
tue,53,빛빛빛
요일,순위,제목
wed,1,고수
wed,2,전지적 독자 시점
wed,3,복학왕
wed,4,모죠의 일지
wed,5,격기3반
wed,6,튜토리얼 탑의 고인물
wed,7,여주실격!
wed,8,캐슬
wed,9,남주의 첫날밤을 가져버렸다
wed,10,원수를 사랑하라
wed,11,고삼무쌍
wed,12,레사 시즌2~3
wed,13,일렉시드
wed,14,사상최강
wed,15,닥터앤닥터 육아일기
wed,16,나쁜사람
wed,17,판타지 여동생!
wed,18,연놈
wed,19,빌드업
wed,20,마녀와 용의 신혼일기
wed,21,각자의 디데이
wed,22,로어 올림푸스
wed,23,귀곡의 문
wed,24,정순애 식당
wed,25,마른 가지에 바람처럼
wed,26,갓물주
wed,27,언덕 위의 제임스
wed,28,이츠마인
wed,29,방탈출
wed,30,범이올시다!
wed,31,아도나이
wed,32,얼굴천재
wed,33,미래의 골동품 가게
wed,34,시효완성
wed,35,더 트웰브
wed,36,새벽 두 시의 신데렐라
wed,37,속보입니다
wed,38,당신의 향수
wed,39,몰랐지만 괜찮아
wed,40,럭키언럭키
wed,41,나의 우주
wed,42,기술찾아드림
wed,43,커넥트
wed,44,인터셉트
wed,45,기억흔적
wed,46,스캔들
wed,47,수상한 비밀상담부
wed,48,저승사자 출입금지
wed,49,천도
wed,50,비스타
wed,51,칼부림
wed,52,스몰
wed,53,노선도
wed,54,FM보이
요일,순위,제목
thu,1,독립일기
thu,2,더 복서
thu,3,연애혁명
thu,4,기기괴괴
thu,5,이두나!
thu,6,간 떨어지는 동거
thu,7,나노마신
thu,8,화이트 블러드
thu,9,하드캐리
thu,10,겟백
thu,11,전자오락수호대
thu,12,노답소녀
thu,13,꽃만 키우는데 너무강함
thu,14,무사만리행
thu,15,오늘의 순정망화
thu,16,병의 기록
thu,17,트롤트랩
thu,18,쿠베라
thu,19,당신의 과녁
thu,20,선의의 경쟁
thu,21,최강전설 강해효
thu,22,신비
thu,23,롤랑롤랑
thu,24,시월드 판타지
thu,25,무모협지
thu,26,우리는 요정!
thu,27,달라 보여도 모두 같은 가족
thu,28,셧업앤댄스
thu,29,카루나
thu,30,별을 삼킨 너에게
thu,31,안개무덤
thu,32,스크립토리움
thu,33,날 가져요
thu,34,집사레인저
thu,35,던전 씹어먹는 아티팩트
thu,36,로그아웃
thu,37,오일머니
thu,38,겟라이프
thu,39,보물과 괴물의 도시
thu,40,악령주의보
thu,41,킬더킹
thu,42,셈하는 사이
thu,43,소녀180
thu,44,만물의 영장
thu,45,불릿 6미리
thu,46,미드나잇 체이서
thu,47,손아귀
thu,48,스테어스
thu,49,자취방 신선들
thu,50,헬프미
thu,51,온새미로
thu,52,깁스맨
thu,53,밤하늘에 구름운
요일,순위,제목
fri,1,외모지상주의
fri,2,데드퀸
fri,3,갓 오브 하이스쿨
fri,4,관계의 종말
fri,5,재혼 황후
fri,6,1초
fri,7,개를 낳았다
fri,8,살人스타그램
fri,9,삼국지톡
fri,10,화장 지워주는 남자
fri,11,뫼신 사냥꾼
fri,12,낙향문사전
fri,13,걸어서 30분
fri,14,난약
fri,15,내일을 부탁해
fri,16,사냥개들
fri,17,냐한남자
fri,18,복학생 정순이
fri,19,구남친이 내게 반했다
fri,20,성경의 역사
fri,21,플레이어
fri,22,옆집친구
fri,23,가슴털 로망스
fri,24,고래별
fri,25,신상 미스터리 극장
fri,26,소심한 팔레트
fri,27,금혼령-조선혼인금지령
fri,28,피와 나비
fri,29,더 게이머
fri,30,상남자
fri,31,진짜 정말 맹세코 좋아해
fri,32,얌전한 사이
fri,33,닥터 프로스트 시즌 3~4
fri,34,도롱이
fri,35,후덜덜덜 남극전자
fri,36,너의 미소가 함정
fri,37,나쁜 쪽으로
fri,38,구독금지
fri,39,버그
fri,40,백년게임
fri,41,트럼프
fri,42,감히
fri,43,몽홀
fri,44,꼬맹이를 부탁해!
fri,45,9등급 뒤집기
fri,46,스윗솔티
fri,47,합법해적 파르페
fri,48,매지컬 메디컬
fri,49,구주의 시간
fri,50,여성전용헬스장 진달래짐
fri,51,나의 첫번째 새벽
요일,순위,제목
sat,1,프리드로우
sat,2,호랑이형님
sat,3,모죠의 일지
sat,4,취사병 전설이 되다
sat,5,비질란테
sat,6,초인의 시대
sat,7,회춘
sat,8,왕년엔 용사님
sat,9,스터디그룹
sat,10,힙한남자
sat,11,토끼대왕
sat,12,광장
sat,13,단편.zip
sat,14,민간인 통제구역
sat,15,태백 : 튜토리얼 맨
sat,16,청춘 블라썸
sat,17,나를 바꿔줘
sat,18,나이트런
sat,19,윌유메리미
sat,20,아홉수 우리들
sat,21,어글리후드
sat,22,내게 필요한 NO맨스
sat,23,갓핑크
sat,24,두번째 생일
sat,25,탑코너
sat,26,팔려 온 신부
sat,27,동트는 로맨스
sat,28,남자주인공의 여자사람친구입니다
sat,29,먹이
sat,30,광해의 연인
sat,31,공유몽
sat,32,손 잡아 볼래?
sat,33,열불 로맨스
sat,34,인간졸업
sat,35,홍시는 날 좋아해!
sat,36,피라미드 게임
sat,37,압락사스
sat,38,틴맘
sat,39,웰캄투실버라이프
sat,40,오늘의 노담망(望)화
sat,41,"저무는 해, 시린 눈"
sat,42,왕세자 입학도
sat,43,동네몬스터
sat,44,아침을 지나 밤으로
sat,45,언데드
sat,46,피노키오 소녀
sat,47,아테나 컴플렉스
sat,48,후아유!
sat,49,도사 가온
sat,50,"안녕, 이바다씨"
sat,51,꼬리 있는 연애
sat,52,커피도둑
sat,53,누군가의 로섬
sat,54,함부로 대해줘
sat,55,먹지마세요
요일,순위,제목
sun,1,독립일기
sun,2,싸움독학
sun,3,약한영웅
sun,4,열렙전사
sun,5,이번 생도 잘 부탁해
sun,6,맘마미안
sun,7,소녀재판
sun,8,천하제일인
sun,9,닥터앤닥터 육아일기
sun,10,경비 배두만
sun,11,도망자
sun,12,벚꽃이 흩날릴 무렵
sun,13,극야
sun,14,AI가 세상을 지배한다면
sun,15,입학용병
sun,16,오로지 너를 이기고 싶어
sun,17,로어 올림푸스
sun,18,행성인간
sun,19,마법스크롤 상인 지오
sun,20,합격시켜주세용
sun,21,내일
sun,22,인어를 위한 수영교실
sun,23,구름이 피워낸 꽃
sun,24,데빌샷
sun,25,가비지타임
sun,26,별이삼샵
sun,27,강남도깨비
sun,28,학교정벌
sun,29,다이스(DICE)
sun,30,오른눈이 보는 세계
sun,31,에리타
sun,32,스트러글
sun,33,아르세니아의 마법사
sun,34,라일락 200%
sun,35,호시탐탐
sun,36,평행도시
sun,37,잉여특공대
sun,38,괴물신부
sun,39,데이즈
sun,40,인싸라이프
sun,41,신이 담긴 아이
sun,42,소녀 해미
sun,43,무주의 맹시
sun,44,오늘도 사랑하세요
sun,45,Here U Are
sun,46,여름은 뜨겁다
sun,47,위험한 신입사원
sun,48,죽여주는 탐정님
sun,49,불발소년
sun,50,선녀야 야옹해봐!
